y_true,pred_Logistic Regression,prob_Logistic Regression,pred_Random Forest,prob_Random Forest,pred_SVM,prob_SVM,pred_KNN,prob_KNN,pred_Gradient Boosting,prob_Gradient Boosting
0,0,0.13588039779612313,0,0.31430952380952376,0,0.5439896817148249,0,0.2,0,0.0639566652987954
0,0,0.19831126892808026,0,0.17633333333333334,0,0.4696309716535304,0,0.2,0,0.011690537196277228
1,0,0.2636204802867342,0,0.45866666666666667,0,0.5259361050816457,0,0.4,1,0.9894970713832248
1,0,0.43564602565022864,1,0.6944999999999999,1,0.4087840277643385,1,0.6,1,0.70703112840304
1,1,0.7427894718806185,1,0.6683333333333334,1,0.4330752377903816,0,0.4,1,0.9179838363069844
1,0,0.3121261444037782,0,0.3572142857142856,0,0.4883301750903071,0,0.4,0,0.034173317343108155
1,1,0.6688430834859006,1,0.6539999999999999,1,0.3749370691665848,1,0.6,0,0.2141306633171689
1,1,0.6661720452310302,1,0.7153333333333333,0,0.48809910116575617,1,0.6,1,0.9569261522622415
0,0,0.347663756217782,0,0.36071861471861466,0,0.5753375300835869,0,0.2,0,0.07204316591672871
1,0,0.40336812134548355,1,0.5125,1,0.4462909626538653,0,0.4,1,0.7411314971043769
1,1,0.8404231696242698,1,0.8019166666666666,1,0.35479493615329266,1,0.6,1,0.994721787828349
1,0,0.3069378193413056,0,0.4283333333333333,0,0.4666868916190289,0,0.4,0,0.07618484564410902
1,1,0.6272570381987778,1,0.613909090909091,1,0.42046862762366755,0,0.4,0,0.18302872845123486
0,0,0.023531590781511597,0,0.29433333333333334,0,0.5557019095060161,0,0.2,0,0.015088498986353222
0,0,0.14538300951919078,0,0.12757575757575756,0,0.5429940121098198,0,0.4,0,0.02062364038918108
1,0,0.15402951065806153,0,0.49716666666666653,0,0.4850030557854522,1,0.6,0,0.3672960357385221
0,0,0.1618333368408404,0,0.12724242424242424,0,0.4748010703606246,0,0.2,0,0.028269441419332613
0,1,0.7057178127572932,0,0.4610000000000001,1,0.4367478916722664,0,0.4,0,0.24472621094436245
0,0,0.07796048229893741,0,0.22673809523809524,0,0.5179328940124449,0,0.4,0,0.026558371014050564
0,0,0.1551459317871958,1,0.5538333333333332,0,0.48404729947354386,0,0.4,1,0.9252486954980685
0,0,0.007362919952258015,0,0.07966666666666666,0,0.5602970785888209,0,0.2,0,0.009793170597469177
1,1,0.9447961176736539,0,0.28216666666666673,0,0.4944487586872607,0,0.4,0,0.10890266619379753
0,0,0.03708257656981131,0,0.24299999999999997,0,0.5693333362572537,0,0.2,0,0.10128232747996212
0,0,0.4511986587498481,0,0.3678333333333334,0,0.511108698845113,0,0.4,0,0.058303909057028265
1,0,0.041984044911185604,0,0.21464285714285716,0,0.5434662651096345,0,0.4,0,0.008413406979221761
1,0,0.2519257777541907,0,0.22440909090909092,0,0.5367872701672566,0,0.2,0,0.008388556967336801
1,0,0.22094134798822532,0,0.3198095238095238,0,0.4861884656579693,0,0.2,0,0.07094301351457001
1,0,0.49327374768337745,0,0.3591666666666666,0,0.5,0,0.2,0,0.03501779067487767
0,0,0.05964910403420556,0,0.27304761904761904,0,0.5,0,0.4,0,0.057160231392294085
0,0,0.2052588936446286,0,0.4506666666666667,0,0.5,0,0.4,1,0.8582668282469886
